Product Name,Part Number,In Stock,Unit Price
Coolan,6933,15,10
Washer-Tab,12657,8,3
Seal,12708,10,10
Nut,34516,30,3
Seal,41802,10,7
Transom Seal,43713,12,7.7
Pin-Cotter,54929,10,3
Screw,97934,4,4
Sealing Ring,416033,1,3.2
Gasket @5,530451,4,4
Anodic Plate,762144,10,15
Gasket @5,806871,2,5
Sleeve,806922,4,7
Nut,816331,8,7
Ring Set-.5mm,835000,2,114
"CAP, Expired Guide",850464,16,11
Nut,859126,8,16
Connector,861163,4,7
Stud,861580,6,8
Pulley-Crankshaft,862349,4,68
Gasket,862356,20,6
Pulley-Water Pump,862583,1,52
Valve-Idle Air,862998,4,120
Hose-Molded,863095,6,32
Ball-Check,863129,10,2
Stud,863376,10,22.37
Cover-Dust,863865,5,5
Hose-Hydralic,864588,5,56
Hose-Hydralic,864589,5,56
O Ring @2,864701,10,3
Hose-Hydralic,864959,5,61
Hose-Hydralic,864960,5,56
Seal-Heat Ex. X-O,865066,10,11
Seal-Thermostat,865078,6,10
Connector,865191,4,3
Connector,865379,4,11
Pulley,865777,8,37
Ring Kit-Std,881601,4,129
Gasket,881612,2,46
Gasket,881622,4,62
Gasket,881631,2,119
Valve - STD,881674,4,73.86
Valve-.003 Os,881675,8,110.04
Valve-.003 Os,881679,8,120.75
Relay-Trim,882751,2,14
Clip,885175,4,18
Wire-Spk Plg,888740,5,132
Balancer,891769,1,486
 Sensor-Crankshaft ,892617,4,240
Filter,892665,10,31
Regulator,892681,4,108
O-Ring,925260,1,14.42
Gasket @2,988231,10,2
Hose,3581066,1,20
Oil Filter,3850559,2,10
Filter,3862228,1,10
Sealing Ring,3863080,1,38.17
Sealing Ring,3863081,1,32.23
Sealing Ring,3863082,1,54.64
Sealing Ring,3863083,1,38.17
Cap-Reservoir,8067271,5,10
Bushing,8159501,20,7
Gasket,8172771,10,3
Fitting,8637131,2,66
Bearing Kit,8832391,2,87
Tube-Exhaust,14358001,4,36
Impeller Kit ,21700445,1,83.4
Impeller Kit ,21951356,2,77.04
Bellow Kit,22197130,3,30
Thermostat,22449828,1,52.3
Spacer Washer,22484526,2,4.08
Spacer Washer,22484527,1,6.05
Gasket Vop,30731261,1,20
Tube-Exhaust,44348001,4,54
Gasket,75611001,8,54
Hose-Hydraulic,865384001,6,81
Hose-Hydraulic,865385001,6,84
Gasket,879150064,2,116
Sensor-Crank Pos,879194363,2,103
Piston-Std-Stbd,881592002,2,626
Gasket,881603001,10,25
Seal,881608001,6,103
Seal,881613001,6,26
Gasket,881620001,4,18
Spring,881672001,16,23
Injector,881693002,4,336
 Sensor-CAM ,892615002,4,184.8
Bolt Head Kit,10-881642A01,6,247.5
Screw,109-97934,6,4.4
Breaker-Circuit,11178A01,3,54
Nut,11-8M2014641,2,5.5
Nut,11-92004,1,49.5
Install Kit @2,16755Q1,4,8
Replacement Filter,2020pm-,1,16
Starter Assy,21976A,5,139
"Fitting Q/C, P/T Line, Female",22-865410001,2,15.4
"Fitting Bulkhed 3"" ",22-892518,2,14
Bushing,23-98356,3,9.9
Bushing,23-98357,2,11
Spacer,23-99299,6,5.5
O-Ring,25-861844,7,6
O-Ring,25-97387,5,4.4
Oil Seal,26-807006,1,20.22
Seal,26-861694,4,59.4
Seal,26-88416,1,18.7
Seal,26-8M0033407,5,87.83
Seal ,268M2005029,2,10.04
Gasket Head,27-75611001,4,85
Gasket ,27-862356,2,304
Gasket ,27-879150141,2,15
Roller Bearing,31-57410,3,30.8
Bearing,31-805079T,3,154
Bearing Tapered Assembly,31-8M0104358,2,304.8
"Hose 84""",32-806221-42,1,25
Hose Assy,32-863456A1,2,68.2
Hose-Hydralic,32-864588,2,60.5
Hose-Hydralic,32-864589,1,60.5
Oil Filter,35-866340Q03,8,22
Insert,41674T,10,3
Impeller,43026T2,4,31
Bag Assembly ,56-820386A85,1,8
Bag Assy Parts,56-881006A05,2,10
Bag Filter,56-8M0095868,1,10
Drive Inst Kit @ 2 Bravo MZ,710-16755Q 1,1,8.44
Gear Lube Monitor Q-Conn ZZ,710-22-861163,1,11.84
Fitting ,710-22-863713 1,2,75.92
Connector,710-22-865191,4,3.24
Lube Resevoir Female Fitting,710-22-865379,3,15.62
"Exhaust Tube 4"" MZ",710-32-44348001,8,77.64
Gen 3 Fuel Cool Element MZ,710-35-8M0093688,3,68.12
Insert Water Tube Pick UP ZZ,710-41674T,7,4.81
IMP Alpha Gen it & O/B MZ,710-47-43026T 2,5,31.71
Impeller Kit Sea WTR Pum MZ,710-47-8M104229,1,45.21
Senor Assy- Temp,710-805218T,4,67.32
Sender- Water Temp-3/8-18,710-806490T,3,34.71
Shutter ASY- Water 1 EA MZ,710-807166A 1,5,86.89
Circ Pump Pulley ZZ,710-807729T,3,55.36
Spark Plug Wires MPI W/55 MZ 7,710-84-863656A,1,136.14
Wire- Coil ,710-84-863657A 1,1,48.66
IAC Valve MPI W/ECM 555 MZ,710-862998,3,224.11
Housing _ Thermostat ,710-863457A 2,2,468.48
Sensor-Crank POS ZZ,710-864297T01,3,298.04
Shift Cable - Brovo MZ,710-865437A02,5,134.18
Switch Assy ,710-87-808009T10,1,56.19
Gear Indicator Switch Assembly ,710-87-808009T11,1,56.19
Power Trim Relay,710-882751,2,17.62
Clip,710-885175,4,16.24
Fuel Press Regulator ZZ,710-892681,2,124.17
CAP Distributor 4.3L MPI MZ,710-898253T23,5,96.65
Start Solenoid-Step BAS MZ,710-89-96158T,2,31.71
Driveshaft Kit ZZ,710-8M0050018,1,116.72
Sensor- Throttle,710-8M0097035,4,101.42
Therm- 160 Degree QS MZ,710-8M0109441,3,37.23
CAP Distributor 555 ECM MZ,710-8M6001106,3,95.71
Bellows,74639A2,10,30
Anode Kit,76214Q5,8,22
Filter-Fuel @6,802893Q01,10,12
Sensor Assy – Temp,805218T,4,36
 Sensor Assy (IAT) ,805223T,3,109.2
Sendr Kt-Alph/Brv,805320A03,4,117
Anode Kit,806105Q1,8,25
Anode Kit,806189Q1,10,16
Anode Kit,806190Q1,20,28
Sender-Water Temp,806490T,4,30
Shutter Kit-Water,807166A1,4,49
Pulley-Crankshaft,807730T,8,66
Gasket Set,807756A02,1,879
Switch Assy,808009T10,2,43
Switch Assy,808009T11,2,43
Strap-Retaining,808023T,4,9
Mount Base Assy,814263A1,8,66
Bellows Assy,816431A1,4,99
Rebuild Kit-W/P,817275Q05,4,142
Anode Kit,821629Q1,10,32
Anode Kit,821630Q1,10,30
Anode,826134Q,3,12
Piston/Pin-.5mm,835002T,1,349
Assembly Kit,835257K1,2,80
Wire - SPK PLG,84-888740,1,138.6
Power Hames / Relay,84899785K30,2,20
Wire - SPK PLG,84-8M0119695,1,167.2
Regulator Kit,861126A1,3,182.33
Fitting Asy-90 Dg,861150T02,8,9
Bracket Kit,862548A1,4,121
Connector,862994T,20,7
Starter Assy,863007A1,2,312.57
Alternator (Clk),863077T,1,394
Bracket,863449T,4,38
Housing-Thermost,863457A2,4,405
Housing Assy,863631T1,4,247
Wire Set-Spk Plg,863656A1,2,137
Wire-Coil,863657A1,2,40
T Fitting Assy,863786A1,10,33
Cooler-Oil,863904T,1,399
U-Joint Assy.,864244A2,2,383
Sensor-Crank Pos,864297T01,2,230
Gasket-Elbow,864547A02,8,42
Pulley-Idler,864625T,10,39
Gasket-Elbow,864850A02,8,42
Anode Asy @2,865182Q01,5,20
Mount Kit,865330A02,1,79.2
Pump Assy-Trim,865380A25,2,"1,237.00"
Cable Assy-Shift,865436A02,8,90
Cable Assy-Shift,865437A02,8,115
Pulley-Idler,865444T,8,40
Cross Bearing Kit,865496A02,4,259.6
Tensioner-Belt,865597T,2,116
Belt,865635Q01,1,112
Pump Kit-Fuel,866170A01,2,295
Manifold-Exhaust,866178T01,4,683.45
Lever-Steering,866322A01,4,127
Filter-Oil @6,866340Q03,30,11
Hsg Assy-Gimbal,866454A02,1,"2,224.00"
Mount-Engine,866708T01,6,214
Shaft-Upper,866718A01,2,444
Distributor Assy,879150A87,2,"1,010.00"
Bearing Kit-Gimbl,879194A01,6,99
Gasket,881633T01,3,236
Rod,881682T,2,36
 Sensor-Pressure ,881879T11,2,170.4
Relay Assembly,882751A04,2,19
Bravo 3 Upper Gear Sets ,883479A2,2,700
Annod Kit,88761Q04,1,20
Gasket Set,889924A02,4,987
Cap-Distributor,898253T23,4,95
Drain Plug Blue Plastic @5ZZ,8M0019211,5,7.32
 Dampener Kit ,8M0046753,4,196.8
Fuel Module Kit,8M0047215,2,"1,305.00"
Coil,8M0054588,4,334
Ignition Coil- ECM 555,8M0054588,1,"1,196.52"
 Sensor   ,8M0054726,4,230.4
Bushing,8M0057042,10,2
Spark Plug@25 Ngk Itr4a15,8M0058932,100,16.36
Spark Plug (NGK),8M0058932,55,16
Cyl Head-Bare,8M0061735,4,"1,519.00"
Gasket,8M0061737,20,2
Hose Assy,8M0062102,6,41
Bellow Asy,8M0062406,4,360.03
Hose-Power Steer.,8M0063021,1,173
Sender Asy,8M0068784,2,201.96
Regulator-Fuel,8M0069803,4,456.75
Pin,8M0073409,10,26
 Bottle Assy-Oil ,8M0075709,4,67.2
Thermostat-160deg,8M0076464,3,28
R/C Consol Kt-Slm,8M0079498,1,"1,653.00"
Mercathode Kit,8M0085692,6,156
Tmap Sensor Assy,8M0087834,4,322
Filter-Fuel,8M0093688,10,63
Sender Assy-Trim,8M0095310,6,125
Sensor-Throttle,8M0097035,4,82
Mount Kit,8M0103028,10,62
Impeller Kit,8M0104229,6,44
Thermostat,8M0109441,4,33
Pinion Stud,8M0113182,10,20
Water Pump Assy.,8M0113734,4,174
Water Pump Assy.,8M0113736,2,317
Pipe Assy-Exhaust,8M0115149,1,788
Wire Kit-Spk Plg,8M0117678,2,576
End Cap Kit,8M0118340,10,98
Drain Plug @5,8M0119211,10,4
Wire-Spk Plg,8M0119695,5,158
Cyl Asy-Trim-Port,8M0132609,2,606.72
Cyl Asy-Trim-Stb,8M0132610,1,606.72
Manifold Assy,8M0137703,5,86.19
Impllr Drvshft Kt,8M0140001,6,101
 Sensor Assy-Temp ,8M0148668,6,46.8
Pulley-P/S Pump,8M0150723,6,87
Pulley-Sea Pump,8M0150724,6,99
Pulley-Water Pump,8M0153706,4,47
Coil-Ignition,8M0178581,2,188
Turbulator Assy,8M2000433,6,57
Pully-Pwr Steerin,8M2001037,4,26
Seal,8M2005029,10,14
Pulley-Crankshaft,8M2013566,4,154
Nut @2,8M2014641,4,6
Line-Fuel,8M2015351,3,177.55
Ngk Itr4a15,8M2018369,80,21
Sensor,8M6000623,10,114
Cap-Distributor,8M6001106,8,94
Sensor-Knock,8M6003194,6,63
Water Pump Assy,8M6005225,2,184
Pulley,8M6500024,10,22
Pulley,8M8020627,4,159
Gasket Set-Drive,94996Q2,5,9
Solenoid,96158T,10,32
Anodic Plate,97-762144,2,15.4
Shaft-Upper,98230A1,4,240
End Cap Kit,98-8M0118340,2,105.6
Hose-Hydraulic,99904Q,8,46
Oil Filter,C-2906,1,12
Fuel Filter,F-5218,1,8
Fuel Filter,FC-1104,1,8
Fuel Filter,FF 5059,5,12
Oil Filter,IR-0714,1,40
Oil Filter,LF651,4,12
Fuel Filter,P55135,2,10
Oil Filter,P551807,2,20
Fuel/ Water Separtor,SF-1911-30,1,8
SFF Fuel Filter ,SFF0009,1,8
Fuel Filter,SFF0167,4,8
Fuel / Water / Separter,SFR1130FW,4,8
Nippon Filter ,T57,3,8
Oil Filter ,W1140-2,1,14
Oil Filter,W719-5,1,16
Fuel Filter,WDK725,2,14
